,hashtag,user_id,tweet_id,location
0,#travel,192866692,1242385705982017536,hanoi
1,#vietnam,192866692,1242385705982017536,hanoi
2,#covid19,192866692,1242385705982017536,hanoi
3,#covid19,1077378994373152768,1242382965583138816,hanoi
4,#vietnam,1077378994373152768,1242382965583138816,hanoi
5,#covid_19,1077378994373152768,1242382965583138816,hanoi
6,#covid_19,2601381283,1242380705121726464,hanoi
7,#tintucytevietnam,2601381283,1242380705121726464,hanoi
8,#washyourhands,2302446330,1242376666342551553,hanoi
9,#earlychildhoodeducation,2302446330,1242376666342551553,hanoi
10,#travelaware,22898078,1242356847744434176,hanoi
11,#traveladvice,22898078,1242356847744434176,hanoi
12,#covid_19,22898078,1242356847744434176,hanoi
13,#travelaware,22898078,1242330467984007169,hanoi
14,#traveladvice,22898078,1242330467984007169,hanoi
15,#covid_19,22898078,1242330467984007169,hanoi
16,#luatvietnam,955281836619415552,1242325275246858240,hanoi
17,#qatar,3040958010,1242301272625041409,hanoi
18,#vietnam,3040958010,1242301272625041409,hanoi
19,#qatar,3040958010,1242298235890233345,hanoi
20,#vietam,3040958010,1242298235890233345,hanoi
21,#vietnam,2590943138,1242224084760461316,hanoi
22,#covid,2590943138,1242224084760461316,hanoi
23,#halloween,1198307137669091329,1242167630527492097,hanoi
24,#covid_19,1198307137669091329,1242167630527492097,hanoi
25,#vietnamleavesnoonebehind,1080419797488156679,1242132796124155904,hanoi
26,#covid_19,1080419797488156679,1242132796124155904,hanoi
27,#coronavirus,1080419797488156679,1242132796124155904,hanoi
28,#harveyweinstein,1239214469596631041,1242129445093175307,hanoi
29,#covid_19,1239214469596631041,1242129445093175307,hanoi
30,#vietnamtonkintravel,1080858371148832768,1242087133684174848,hanoi
31,#hochiminhmausoleum,1080858371148832768,1242087133684174848,hanoi
32,#hanoi,1080858371148832768,1242087133684174848,hanoi
33,#covid19,1080858371148832768,1242087133684174848,hanoi
34,#chainup,1233336518065811456,1242086918122172416,hanoi
35,#crypto,1233336518065811456,1242086918122172416,hanoi
36,#blockchain,1233336518065811456,1242086918122172416,hanoi
37,#cryptoexchange,1233336518065811456,1242086918122172416,hanoi
38,#covid_19,579518597,1242086840426872838,hanoi
39,#vietnam,917574143813459968,1242046715932209153,hanoi
40,#molisa,917574143813459968,1242046715932209153,hanoi
41,#covid19,917574143813459968,1242046715932209153,hanoi
42,#coronavirus,917574143813459968,1242046715932209153,hanoi
43,#ncov,917574143813459968,1242046715932209153,hanoi
44,#pandemic,917574143813459968,1242046715932209153,hanoi
45,#losingjobs,917574143813459968,1242046715932209153,hanoi
46,#covid_19,2601381283,1242022087537000454,hanoi
47,#insighthanoitravel,298374770,1242015642523299840,hanoi
48,#dotherightthing,298374770,1242015642523299840,hanoi
49,#gadventures,298374770,1242015642523299840,hanoi
50,#hanoifoodculture,298374770,1242015642523299840,hanoi
51,#dualsport,2887616328,1242005890179289089,hanoi
52,#adventure,2887616328,1242005890179289089,hanoi
53,#ktm,2887616328,1242005890179289089,hanoi
54,#motorcycle,2887616328,1242005890179289089,hanoi
55,#enduro,2887616328,1242005890179289089,hanoi
56,#vietnam,917574143813459968,1241998530291458049,hanoi
57,#covid19,917574143813459968,1241998530291458049,hanoi
58,#coronavirus,917574143813459968,1241998530291458049,hanoi
59,#ncov,917574143813459968,1241998530291458049,hanoi
60,#pandemic,917574143813459968,1241998530291458049,hanoi
61,#unitedstates,917574143813459968,1241998530291458049,hanoi
62,#hakimngoc,917574143813459968,1241998530291458049,hanoi
63,#ambassador,917574143813459968,1241998530291458049,hanoi
64,#covidー19,1238020227444563968,1241995779859836928,hanoi
65,#vietnam,1238020227444563968,1241995779859836928,hanoi
66,#chineseviruscorona,1238020227444563968,1241995779859836928,hanoi
67,#chinastopslying,1238020227444563968,1241995779859836928,hanoi
68,#viet,863234834,1241989084853047296,hanoi
69,#απαγόρευση_κυκλοφορίας,1307057012,1241977150812585987,hanoi
70,#μενουμεσπιτι,1307057012,1241977150812585987,hanoi
71,#οχι_νεα_κρουσματα,1307057012,1241977150812585987,hanoi
72,#covid_19gr,1307057012,1241977150812585987,hanoi
73,#mewgulf,1215256833520091136,1241954019938947074,hanoi
74,#breaking,836164441024520192,1241939758139363328,hanoi
75,#covid19,402628948,1241903242008621057,hanoi
76,#coronavirus,402628948,1241903242008621057,hanoi
77,#hackernoontopstory,402628948,1241903242008621057,hanoi
78,#betbong365,1118335609062318082,1241902531057455105,hanoi
79,#vietnam,703602186023018496,1241901989052551168,hanoi
80,#chloroquine,703602186023018496,1241901989052551168,hanoi
81,#covid_19,703602186023018496,1241901989052551168,hanoi
82,#covid,404352422,1241883024108576769,hanoi
83,#covid_19sa,179642610,1241766333085179905,hanoi
84,#vietnam,703602186023018496,1241765469876408320,hanoi
85,#covid_19,703602186023018496,1241765469876408320,hanoi
86,#vietnam,703602186023018496,1241753704748838912,hanoi
87,#covid_19,703602186023018496,1241753704748838912,hanoi
88,#ndel,1133200254893903873,1241752159005192192,hanoi
89,#nhandanenligne,1133200254893903873,1241752159005192192,hanoi
90,#ndel,1133200254893903873,1241751837843181568,hanoi
91,#nhandanenligne,1133200254893903873,1241751837843181568,hanoi
92,#ndel,1133200254893903873,1241750733986250758,hanoi
93,#nhandanenligne,1133200254893903873,1241750733986250758,hanoi
94,#ndel,1133200254893903873,1241750067020587009,hanoi
95,#nhandanenligne,1133200254893903873,1241750067020587009,hanoi
96,#ndel,1133200254893903873,1241749359974219778,hanoi
97,#nhandanenligne,1133200254893903873,1241749359974219778,hanoi
98,#ndel,1133200254893903873,1241748588008329216,hanoi
99,#nhandanenligne,1133200254893903873,1241748588008329216,hanoi
100,#vietnam,703602186023018496,1241748041339568130,hanoi
101,#covid_19,703602186023018496,1241748041339568130,hanoi
102,#malaysia,703602186023018496,1241748041339568130,hanoi
103,#ndel,1133200254893903873,1241747888675229697,hanoi
104,#nhandanenligne,1133200254893903873,1241747888675229697,hanoi
105,#vietnam,703602186023018496,1241741591540142080,hanoi
106,#covid_19,703602186023018496,1241741591540142080,hanoi
107,#covid2019,120014735,1241739019110592512,hanoi
108,#covid_19,120014735,1241739019110592512,hanoi
109,#viruscorona,120014735,1241739019110592512,hanoi
110,#ncov2019,120014735,1241739019110592512,hanoi
111,#covidー19,120014735,1241739019110592512,hanoi
112,#covidー19,1237965561331462144,1241724219903201280,hanoi
113,#kca,1237965561331462144,1241724219903201280,hanoi
114,#votebtsglobal,1237965561331462144,1241724219903201280,hanoi
115,#270k,808829347,1241724077250838530,hanoi
116,#travelaware,22898078,1241722977483276291,hanoi
117,#vietnam,22898078,1241722977483276291,hanoi
118,#coronavirus,22898078,1241722977483276291,hanoi
119,#covid_19,22898078,1241722977483276291,hanoi
120,#covid,102428336,1241696696582590466,hanoi
121,#covid_19,994851958841372673,1241688036275978240,hanoi
122,#stayathome,994851958841372673,1241688036275978240,hanoi
123,#covid_19,2601381283,1241661211864776706,hanoi
124,#covid_19,2601381283,1241661166662774790,hanoi
125,#vietnam,703602186023018496,1241657371610374146,hanoi
126,#covid_19,703602186023018496,1241657371610374146,hanoi
127,#topchef,1234366141272743936,1241655607695826944,hanoi
128,#covidー19,1234366141272743936,1241655607695826944,hanoi
129,#coronaviruspandemic,1234366141272743936,1241655607695826944,hanoi
130,#กษัตริย์มีไว้ทําไม,1234366141272743936,1241655607695826944,hanoi
131,#quaratinelife,1234366141272743936,1241655607695826944,hanoi
132,#انا_مع_حظر_التجول_الاجباريًٌَُِ,1234366141272743936,1241655607695826944,hanoi
133,#coronaupdatesinindia,1234366141272743936,1241655607695826944,hanoi
134,#covid19,1234366141272743936,1241655607695826944,hanoi
135,#italystaystrong,1234366141272743936,1241655607695826944,hanoi
136,#jkwmundursaja,1234366141272743936,1241655607695826944,hanoi
137,#covid_19,1234366141272743936,1241655607695826944,hanoi
138,#jkwmundursaja,1234366141272743936,1241655607695826944,hanoi
139,#covid19,69587900,1241654400835137536,hanoi
140,#coronavirus,69587900,1241654400835137536,hanoi
141,#vietnam,703602186023018496,1241650550585692161,hanoi
142,#covid_19,703602186023018496,1241650550585692161,hanoi
143,#hanoi,703602186023018496,1241646601199742981,hanoi
144,#covid_19,703602186023018496,1241646601199742981,hanoi
145,#covid,2897319109,1241641920708763648,hanoi
146,#covid_19gr,1307057012,1241633680755494912,hanoi
147,#μενουμεσπιτι,1307057012,1241633680755494912,hanoi
148,#traveladvice,22898078,1241622632098697216,hanoi
149,#travelaware,22898078,1241622632098697216,hanoi
150,#covid_19,22898078,1241622632098697216,hanoi
151,#coronavirus,22898078,1241622632098697216,hanoi
152,#covid_19,3226694466,1241617111153168384,hanoi
153,#skynews,3226694466,1241617111153168384,hanoi
154,#stayathome,3226694466,1241617111153168384,hanoi
155,#covidiot,3226694466,1241617111153168384,hanoi
156,#covid,1025672886630182912,1241615719537815553,hanoi
157,#hanoifoodculture,298374770,1241600326118944768,hanoi
158,#dotherightthing,298374770,1241600326118944768,hanoi
159,#insighthanoitravel,298374770,1241600326118944768,hanoi
160,#betbong365,1118335609062318082,1241555255323746304,hanoi
161,#covid19,877065518066221060,1241531334050414592,hanoi
162,#covid,544997111,1241405175010451456,hanoi
163,#votebts,1138789121856401408,1241384151124570117,hanoi
164,#kca,1138789121856401408,1241384151124570117,hanoi
165,#vietnam,703602186023018496,1241371184731545600,hanoi
166,#covid_19,703602186023018496,1241371184731545600,hanoi
167,#zaintsee,1238164668415275008,1241358880522694657,hanoi
168,#china,90061430,1241355435115855872,hanoi
169,#geopolitics,90061430,1241355435115855872,hanoi
170,#coronaviruspandemic,90061430,1241355435115855872,hanoi
171,#covid_19,90061430,1241355435115855872,hanoi
172,#togetherwewin,26256933,1241351664159690752,hanoi
173,#australia,477843156,1241328855698116608,hanoi
174,#australialockdown,477843156,1241328855698116608,hanoi
175,#vietnam,703602186023018496,1241327081557913608,hanoi
176,#covid_19,703602186023018496,1241327081557913608,hanoi
177,#vietnam,703602186023018496,1241323370865496066,hanoi
178,#covid_19,703602186023018496,1241323370865496066,hanoi
179,#vietnam,703602186023018496,1241321830176002050,hanoi
180,#covid_19,703602186023018496,1241321830176002050,hanoi
181,#photography,1222531216361979904,1241316341631467520,hanoi
182,#moonlightfanfic_pn,1215256833520091136,1241315123886604288,hanoi
183,#moonlightfanfic,1215256833520091136,1241315123886604288,hanoi
184,#covid_19,15436048,1241308711064186880,hanoi
185,#covid_19,1019926551109033986,1241306590155661313,hanoi
186,#vietnam,1019926551109033986,1241306590155661313,hanoi
187,#coronavirusvietnam,1019926551109033986,1241306590155661313,hanoi
188,#coronacrisis,1019926551109033986,1241306590155661313,hanoi
189,#hanoi,1019926551109033986,1241306590155661313,hanoi
190,#vietnam,994851958841372673,1241300564022939653,hanoi
191,#covid_19,994851958841372673,1241300564022939653,hanoi
192,#vietnam,703602186023018496,1241300169456377856,hanoi
193,#covid_19,703602186023018496,1241300169456377856,hanoi
194,#vietnam,703602186023018496,1241299979366305792,hanoi
195,#covid_19,703602186023018496,1241299979366305792,hanoi
196,#covid_19,1054977492665225221,1241299953227452416,hanoi
197,#covid_2019,1054977492665225221,1241299953227452416,hanoi
198,#covid,1054977492665225221,1241299953227452416,hanoi
199,#wordpress,14736998,1241299913406689281,hanoi
200,#covid_19,14736998,1241299913406689281,hanoi
201,#vietnam,703602186023018496,1241299228246204416,hanoi
202,#covid_19,703602186023018496,1241299228246204416,hanoi
203,#vietnam,703602186023018496,1241298975077961730,hanoi
204,#covid_19,703602186023018496,1241298975077961730,hanoi
205,#vietnam,703602186023018496,1241298474185846784,hanoi
206,#covid_19,703602186023018496,1241298474185846784,hanoi
207,#vietnam,703602186023018496,1241298243343925248,hanoi
208,#covid_19,703602186023018496,1241298243343925248,hanoi
209,#covid19,1066240222516498432,1241298172535848962,hanoi
210,#covid_19,2601381283,1241296588703584258,hanoi
211,#covid_19,2601381283,1241296559918088192,hanoi
212,#vietnam,994851958841372673,1241283924367560704,hanoi
213,#covidー19,994851958841372673,1241283924367560704,hanoi
214,#covid_19,1066240222516498432,1241251092832239616,hanoi
215,#lasolidaridadvencealcoronavirus,3138340484,1241240599614775302,hanoi
216,#lasolidaridadvencealcoronavirus,3138340484,1241238160052383747,hanoi
217,#digitaldragshow,1227434905002561538,1241214526919491584,hanoi
218,#covid_19,1227434905002561538,1241214526919491584,hanoi
219,#covid_19,99608783,1241190867173441536,hanoi
220,#vietnamleavesnoonebehind,2913916885,1241190803550031872,hanoi
221,#covid_19,2913916885,1241190803550031872,hanoi
222,#covid19,2913916885,1241190803550031872,hanoi
223,#coronavirusupdate,90061430,1241177303599607808,hanoi
224,#hanoi,90061430,1241177303599607808,hanoi
225,#vietnam,90061430,1241177303599607808,hanoi
226,#covid_19,90061430,1241177303599607808,hanoi
227,#eu,76565392,1241166636817813504,hanoi
228,#us,76565392,1241166636817813504,hanoi
229,#vietnam,76565392,1241166636817813504,hanoi
230,#covid_19,76565392,1241166636817813504,hanoi
231,#stayhome,1336291202,1241157720620711937,hanoi
232,#oculusquest,1336291202,1241157720620711937,hanoi
233,#ハノイ,119679370,1241076806523834368,hanoi
234,#ベトナム,119679370,1241076806523834368,hanoi
235,#新型コロナ,119679370,1241076806523834368,hanoi
236,#covid_19,2189512111,1241069177210728448,hanoi
237,#covid_19,88245254,1241068771759910912,hanoi
238,#realtalk,378624157,1241054559637667846,hanoi
239,#covid_19,243290603,1241038006296903683,hanoi
240,#coronavirus,243290603,1241038006296903683,hanoi
241,#solution,243290603,1241038006296903683,hanoi
242,#covid_19,102428336,1241029191459627010,hanoi
243,#vietnam,1215231966649257984,1241014761594077184,hanoi
244,#covid_19,1215231966649257984,1241014761594077184,hanoi
245,#covid,215051761,1241010411832406017,hanoi
246,#eu,215051761,1241010411832406017,hanoi
247,#vietnamairlines,1234646799979139072,1241000289747881984,hanoi
248,#vietnam,1234646799979139072,1241000289747881984,hanoi
249,#covid_19,1234646799979139072,1241000289747881984,hanoi
250,#traveltovietnam,1234646799979139072,1241000289747881984,hanoi
251,#covid_19,1011251440751337472,1240998759732899842,hanoi
252,#hanoi,1011251440751337472,1240998759732899842,hanoi
253,#vietnam,1011251440751337472,1240998759732899842,hanoi
254,#coronavirus,1069793637028876288,1240984699142430726,hanoi
255,#covid_19,1069793637028876288,1240984699142430726,hanoi
256,#vietnam,1235573935363645447,1240976017658798080,hanoi
257,#covid_19,1235573935363645447,1240976017658798080,hanoi
258,#coronavirus,90061430,1240971719948390400,hanoi
259,#covid_19,90061430,1240971719948390400,hanoi
260,#hanoi,90061430,1240971719948390400,hanoi
261,#vietnamleavesnoonebehind,90061430,1240971719948390400,hanoi
262,#vietnam,90061430,1240971719948390400,hanoi
263,#lovenct,903909656086560769,1240968386529521665,hanoi
264,#chainup,1233336518065811456,1240962601518911488,hanoi
265,#crypto,1233336518065811456,1240962601518911488,hanoi
266,#blockchain,1233336518065811456,1240962601518911488,hanoi
267,#cryptoexchange,1233336518065811456,1240962601518911488,hanoi
268,#technology,1233336518065811456,1240962601518911488,hanoi
269,#fintech,1233336518065811456,1240962601518911488,hanoi
270,#investing,1233336518065811456,1240962601518911488,hanoi
271,#cryptolife,1233336518065811456,1240962601518911488,hanoi
272,#cryptoworld,1233336518065811456,1240962601518911488,hanoi
273,#trade,1233336518065811456,1240962601518911488,hanoi
274,#trading,1233336518065811456,1240962601518911488,hanoi
275,#software,1233336518065811456,1240962601518911488,hanoi
276,#win,102428336,1240954181743030273,hanoi
277,#covid,102428336,1240954181743030273,hanoi
278,#covid_19,1232546712821977089,1240938741402710017,hanoi
279,#vietnam,396271636,1240938611865825280,hanoi
280,#covid,396271636,1240938611865825280,hanoi
281,#covid,2601381283,1240937869591474176,hanoi
282,#covid_19,2601381283,1240937738246819841,hanoi
283,#hafuco,1129249101776793601,1240926337314897920,hanoi
284,#covid_19,1129249101776793601,1240926337314897920,hanoi
285,#coronavirus,1129249101776793601,1240926337314897920,hanoi
286,#ncov,1129249101776793601,1240926337314897920,hanoi
287,#covid_19,1011251440751337472,1240925211173642240,hanoi
288,#hanoi,1011251440751337472,1240925211173642240,hanoi
289,#vietnam,1011251440751337472,1240925211173642240,hanoi
290,#hanoi,90061430,1240922877882318849,hanoi
291,#vietnamleavesnoonebehind,90061430,1240922877882318849,hanoi
292,#covid_19,90061430,1240922877882318849,hanoi
293,#coronavirus,90061430,1240922877882318849,hanoi
294,#vietnam,90061430,1240922877882318849,hanoi
295,#covid,477843156,1240918708467273728,hanoi
296,#hanoi,917574143813459968,1240915098874437632,hanoi
297,#vietnam,917574143813459968,1240915098874437632,hanoi
298,#covid19,917574143813459968,1240915098874437632,hanoi
299,#coronavirus,917574143813459968,1240915098874437632,hanoi
300,#ncov,917574143813459968,1240915098874437632,hanoi
301,#pandemic,917574143813459968,1240915098874437632,hanoi
302,#pandemic,243290603,1240912983863316481,hanoi
303,#covid_19,243290603,1240912983863316481,hanoi
304,#potus,243290603,1240912983863316481,hanoi
305,#apocalypse,243290603,1240912983863316481,hanoi
306,#covid19,342524562,1240911043863273473,hanoi
307,#covid,1011251440751337472,1240907632342253568,hanoi
308,#vietnam,917574143813459968,1240897813984055296,hanoi
309,#evfta,917574143813459968,1240897813984055296,hanoi
310,#eu,917574143813459968,1240897813984055296,hanoi
311,#covid19,917574143813459968,1240897813984055296,hanoi
312,#coronavirus,917574143813459968,1240897813984055296,hanoi
313,#ncov,917574143813459968,1240897813984055296,hanoi
314,#trade,917574143813459968,1240897813984055296,hanoi
315,#borderclosure,917574143813459968,1240897813984055296,hanoi
316,#covid_19,1015583372,1240897396441116673,hanoi
317,#tjna,1617338269,1240889353766912001,hanoi
318,#yoong,1617338269,1240889353766912001,hanoi
319,#coronavirusupdate,1128492254325137408,1240874267396325378,hanoi
320,#coronaviruschallenge,1128492254325137408,1240874267396325378,hanoi
321,#wuhancoronavirus,1128492254325137408,1240874267396325378,hanoi
322,#wuhancoronavius,1128492254325137408,1240874267396325378,hanoi
323,#covid,1147050009415696389,1240864831630127104,hanoi
324,#makeanything,593100284,1240856338881798144,hanoi
325,#autodeskambassador,593100284,1240856338881798144,hanoi
326,#ambassadorhub,593100284,1240856338881798144,hanoi
327,#autodeskedu,593100284,1240856338881798144,hanoi
328,#coronavirus,3281984504,1240840594898825217,hanoi
329,#love,3281984504,1240840594898825217,hanoi
330,#discrimination,3281984504,1240840594898825217,hanoi
331,#stopageism,3281984504,1240840594898825217,hanoi
332,#covid19,3281984504,1240840594898825217,hanoi
333,#covid,250403985,1240838837238001664,hanoi
334,#betbong365,1118335609062318082,1240807576109023232,hanoi
335,#vietnamquyetthangdaidich,753148339256819712,1240695029695307776,hanoi
336,#vietnamese,753148339256819712,1240695029695307776,hanoi
337,#covid,805255074339549184,1240662992653389825,hanoi
338,#canada,805255074339549184,1240662992653389825,hanoi
339,#realestate,1150659094044274688,1240654617429467137,hanoi
340,#photogroupvn,1150659094044274688,1240654617429467137,hanoi
341,#daytonight,1150659094044274688,1240654617429467137,hanoi
342,#daytoduck,1150659094044274688,1240654617429467137,hanoi
343,#photoservice,1150659094044274688,1240654617429467137,hanoi
344,#covid_19,794170533411553280,1240611553268740097,hanoi
345,#covid,794170533411553280,1240611553268740097,hanoi
346,#covid19,794170533411553280,1240611553268740097,hanoi
347,#vietnam,794170533411553280,1240611553268740097,hanoi
348,#chinavirus,794170533411553280,1240611553268740097,hanoi
349,#wuhanvirus,794170533411553280,1240611553268740097,hanoi
350,#covid19,1128492254325137408,1240602574811615232,hanoi
351,#coronaviruschallenge,1128492254325137408,1240602574811615232,hanoi
352,#coronavirusupdate,1128492254325137408,1240602574811615232,hanoi
353,#wuhan,1128492254325137408,1240602574811615232,hanoi
354,#wuhancoronavius,1128492254325137408,1240602574811615232,hanoi
355,#wuhancoronovirus,1128492254325137408,1240602574811615232,hanoi
356,#covid19,2601381283,1240575063516016641,hanoi
357,#covid_19,2601381283,1240575029064028163,hanoi
358,#covid_19,2601381283,1240574980791795713,hanoi
359,#sinhvienyduoc,2601381283,1240574980791795713,hanoi
360,#covid_19,2601381283,1240574942904586240,hanoi
361,#nhadat24h,872771027377332224,1240551628022800385,hanoi
362,#chungcuhadong,872771027377332224,1240551628022800385,hanoi
363,#covid,872771027377332224,1240551628022800385,hanoi
364,#vietnam,917574143813459968,1240547799051067393,hanoi
365,#covid19,917574143813459968,1240547799051067393,hanoi
366,#residentialmarket,917574143813459968,1240547799051067393,hanoi
367,#realestate,917574143813459968,1240547799051067393,hanoi
368,#coronavirus,917574143813459968,1240547799051067393,hanoi
369,#ncov,917574143813459968,1240547799051067393,hanoi
370,#hanoi,917574143813459968,1240547799051067393,hanoi
371,#hochiminhcity,917574143813459968,1240547799051067393,hanoi
372,#vietnam,192866692,1240536292573589504,hanoi
373,#coronavirus,192866692,1240536292573589504,hanoi
374,#travel,192866692,1240536292573589504,hanoi
375,#health,18724153,1240527502638043136,hanoi
376,#fitness,18724153,1240527502638043136,hanoi
377,#happiness,18724153,1240527502638043136,hanoi
378,#coronavirus,18724153,1240527502638043136,hanoi
379,#covid_19,18724153,1240527502638043136,hanoi
380,#strong,18724153,1240527502638043136,hanoi
381,#positive,18724153,1240527502638043136,hanoi
382,#kindergarteners,4058206439,1240521527914835968,hanoi
383,#pyp,4058206439,1240521527914835968,hanoi
384,#virtual,4058206439,1240521527914835968,hanoi
385,#covid_19,4058206439,1240521527914835968,hanoi
386,#schoolclosures,4058206439,1240521527914835968,hanoi
387,#uniquelyunis,4058206439,1240521527914835968,hanoi
388,#covid_19,713992792859521024,1240519239955431429,hanoi
389,#selfquarantine,713992792859521024,1240519239955431429,hanoi
390,#quarantine,713992792859521024,1240519239955431429,hanoi
391,#stayhome,1235573935363645447,1240518620628713472,hanoi
392,#covid,1235573935363645447,1240518620628713472,hanoi
393,#covid,1235573935363645447,1240518620628713472,hanoi
394,#coronavirus,1235573935363645447,1240518620628713472,hanoi
395,#mfr_diplomacy,872653781455872000,1240498794174631936,hanoi
396,#covid19uk,12833022,1240497484729700353,hanoi
397,#covid2019,12833022,1240497484729700353,hanoi
398,#law,3195193711,1240495959898902530,hanoi
399,#lawyers,3195193711,1240495959898902530,hanoi
400,#lawfirm,3195193711,1240495959898902530,hanoi
401,#debt,3195193711,1240495959898902530,hanoi
402,#debtlawfirm,3195193711,1240495959898902530,hanoi
403,#debtlawyers,3195193711,1240495959898902530,hanoi
404,#vietnam,3195193711,1240495959898902530,hanoi
405,#covid19,3195193711,1240495959898902530,hanoi
406,#law,752413453181038593,1240495837605584897,hanoi
407,#lawyers,752413453181038593,1240495837605584897,hanoi
408,#lawfirm,752413453181038593,1240495837605584897,hanoi
409,#debt,752413453181038593,1240495837605584897,hanoi
410,#debtlawfirm,752413453181038593,1240495837605584897,hanoi
411,#debtlawyers,752413453181038593,1240495837605584897,hanoi
412,#vietnam,752413453181038593,1240495837605584897,hanoi
413,#covid19,752413453181038593,1240495837605584897,hanoi
414,#us,1063734956923400192,1240493197161140224,hanoi
415,#hcmc,1063734956923400192,1240493197161140224,hanoi
416,#visa,1063734956923400192,1240493197161140224,hanoi
417,#interviews,1063734956923400192,1240493197161140224,hanoi
418,#covid,1063734956923400192,1240493197161140224,hanoi
419,#vietnam,1063734956923400192,1240492032822398984,hanoi
420,#coronavirus,1063734956923400192,1240492032822398984,hanoi
421,#doctors,1063734956923400192,1240492032822398984,hanoi
422,#nurses,1063734956923400192,1240492032822398984,hanoi
423,#covid,1063734956923400192,1240492032822398984,hanoi
424,#covid_19,2838659616,1240491270247571457,hanoi
425,#ndel,1133200254893903873,1240482613984280576,hanoi
426,#nhandanenligne,1133200254893903873,1240482613984280576,hanoi
427,#ndel,1133200254893903873,1240482079281831936,hanoi
428,#nhandanenligne,1133200254893903873,1240482079281831936,hanoi
429,#covid19,2344242013,1240459711524241408,hanoi
430,#coronavirus,2344242013,1240459711524241408,hanoi
431,#coronaasia,2344242013,1240459711524241408,hanoi
432,#coronavietnam,2344242013,1240459711524241408,hanoi
433,#travelaware,22898078,1240452047880589313,hanoi
434,#vietnam,22898078,1240452047880589313,hanoi
435,#coronavirus,22898078,1240452047880589313,hanoi
436,#covid_19,22898078,1240452047880589313,hanoi
437,#vspt,743078759687802881,1240450374751797249,hanoi
438,#hislearns,833137031169478656,1240440650631270400,hanoi
439,#ibpyp,833137031169478656,1240440650631270400,hanoi
440,#pypchat,833137031169478656,1240440650631270400,hanoi
441,#virtualpypx,833137031169478656,1240440650631270400,hanoi
442,#pypx2020,833137031169478656,1240440650631270400,hanoi
443,#betbong365,1118335609062318082,1240437675406118913,hanoi
444,#betbong365,1118335609062318082,1240437673384456198,hanoi
445,#corvid19,1169272875783577600,1240309913751937024,hanoi
446,#vietnamquyetthangdaidich,1169272875783577600,1240309913751937024,hanoi
447,#vietnamleavesnoonebehind,1169272875783577600,1240309913751937024,hanoi
448,#photography,1231257672990642176,1240298827296333824,hanoi
449,#photooftheday,1231257672990642176,1240298827296333824,hanoi
450,#spring,1231257672990642176,1240298827296333824,hanoi
451,#coronavirus,1231257672990642176,1240298827296333824,hanoi
452,#vietnam,917574143813459968,1240295870408482816,hanoi
453,#covid19,917574143813459968,1240295870408482816,hanoi
454,#coronavirus,917574143813459968,1240295870408482816,hanoi
455,#ncov,917574143813459968,1240295870408482816,hanoi
456,#airlines,917574143813459968,1240295870408482816,hanoi
457,#covid_19,1122879938707636224,1240262054516150272,hanoi
458,#daigiang,1108927646363062272,1240261456945266689,hanoi
459,#dgpme,3356622492,1240250828029489153,hanoi
460,#coronaviruschallenge,1128492254325137408,1240230321854894080,hanoi
461,#coronavirus,1128492254325137408,1240230321854894080,hanoi
462,#wuhancoronavius,1128492254325137408,1240230321854894080,hanoi
463,#coronaviruschallenge,1128492254325137408,1240229260138176512,hanoi
464,#on13thwin,852768148864380928,1240220478263799808,hanoi
465,#lucky,1233957451960971264,1240211371284783104,hanoi
466,#covid,1233957451960971264,1240211371284783104,hanoi
467,#law,752413453181038593,1240196359254237191,hanoi
468,#lawyers,752413453181038593,1240196359254237191,hanoi
469,#lawfirminvietnam,752413453181038593,1240196359254237191,hanoi
470,#shipping,752413453181038593,1240196359254237191,hanoi
471,#exportpermit,752413453181038593,1240196359254237191,hanoi
472,#medicalmasks,752413453181038593,1240196359254237191,hanoi
473,#vietnam,752413453181038593,1240196359254237191,hanoi
474,#covid19,752413453181038593,1240196359254237191,hanoi
475,#law,3195193711,1240196268934103040,hanoi
476,#lawyers,3195193711,1240196268934103040,hanoi
477,#lawfirminvietnam,3195193711,1240196268934103040,hanoi
478,#shipping,3195193711,1240196268934103040,hanoi
479,#exportpermit,3195193711,1240196268934103040,hanoi
480,#medicalmasks,3195193711,1240196268934103040,hanoi
481,#vietnam,3195193711,1240196268934103040,hanoi
482,#covid19,3195193711,1240196268934103040,hanoi
483,#covid,758779304,1240147689553133571,hanoi
484,#condotel,758779304,1240147689553133571,hanoi
485,#hotel,758779304,1240147689553133571,hanoi
486,#ndel,1133200254893903873,1240140075582795778,hanoi
487,#nhandanenligne,1133200254893903873,1240140075582795778,hanoi
488,#bloombergquint,1083598662893154304,1240137330867998721,hanoi
489,#worldometers,1083598662893154304,1240137330867998721,hanoi
490,#covid_19,1083598662893154304,1240137330867998721,hanoi
491,#pasteur,1063734956923400192,1240133566199103490,hanoi
492,#nhatrang,1063734956923400192,1240133566199103490,hanoi
493,#british,1063734956923400192,1240133566199103490,hanoi
494,#covid,1063734956923400192,1240133566199103490,hanoi
495,#prescribed,1063734956923400192,1240133566199103490,hanoi
496,#hanoi,1063734956923400192,1240131915929325569,hanoi
497,#medical,1063734956923400192,1240131915929325569,hanoi
498,#covid,1063734956923400192,1240131915929325569,hanoi
499,#coronavirus,838972100237004801,1240125672179273729,hanoi
500,#covid19,860761120637722628,1240124493592436741,hanoi
501,#handwashchallenge,860761120637722628,1240124493592436741,hanoi
502,#coronavirus,2378525664,1240118817772261376,hanoi
503,#covid19,2378525664,1240118817772261376,hanoi
504,#scicomm,2378525664,1240118817772261376,hanoi
505,#vietnamquyetthangdaidich,2378525664,1240118817772261376,hanoi
506,#vietnam,2378525664,1240118817772261376,hanoi
507,#realisticasia,2423525376,1240118530495909888,hanoi
508,#news,2423525376,1240118530495909888,hanoi
509,#becausewecare,2423525376,1240118530495909888,hanoi
510,#covid19,2423525376,1240118530495909888,hanoi
511,#chinavirus,2365540681,1240112036270362624,hanoi
512,#covid2019,2365540681,1240112036270362624,hanoi
513,#covid_19,1239214469596631041,1240095852019904512,hanoi
514,#theprinthealth,1202401769457741824,1240090695798525959,hanoi
515,#betbong365,1118335609062318082,1240089572119392256,hanoi
516,#travelaware,22898078,1240075796489719808,hanoi
517,#vietnam,22898078,1240075796489719808,hanoi
518,#coronavirus,22898078,1240075796489719808,hanoi
519,#covid_19,22898078,1240075796489719808,hanoi
520,#covid,2306087533,1239954153381572611,hanoi
521,#fitchsolutions,917574143813459968,1239933371980976131,hanoi
522,#vietnam,917574143813459968,1239933371980976131,hanoi
523,#covid19,917574143813459968,1239933371980976131,hanoi
524,#coronavirus,917574143813459968,1239933371980976131,hanoi
525,#ncov,917574143813459968,1239933371980976131,hanoi
526,#centralbank,917574143813459968,1239933371980976131,hanoi
527,#sbv,917574143813459968,1239933371980976131,hanoi
528,#covid,758779304,1239911667317608457,hanoi
529,#vietnam,758779304,1239911667317608457,hanoi
530,#hotelnews,758779304,1239911667317608457,hanoi
531,#covid,711923180496035840,1239900578018258945,hanoi
532,#vietnam,711923180496035840,1239900578018258945,hanoi
533,#geometrydash,864460323075481602,1239900121204219904,hanoi
534,#geometrydashlite,864460323075481602,1239900121204219904,hanoi
535,#geometrydash,864460323075481602,1239898997592129538,hanoi
536,#geometrydashlite,864460323075481602,1239898997592129538,hanoi
537,#tiểuthuyếtkểlể,35733462,1239895347951882241,hanoi
538,#tuhaolanguoivietnam,794170533411553280,1239852373322784768,hanoi
539,#covid,794170533411553280,1239852373322784768,hanoi
540,#chinavirus,794170533411553280,1239852373322784768,hanoi
541,#covid2019,794170533411553280,1239852373322784768,hanoi
542,#covid,1239576622564388865,1239850872185556993,hanoi
543,#covid_19,2601381283,1239847395174699009,hanoi
544,#covid_19,2601381283,1239844792739090432,hanoi
545,#covid19,2601381283,1239844740297666560,hanoi
546,#sinhvienyduoc,2601381283,1239844740297666560,hanoi
547,#truongcaodangyduocpasteur,2601381283,1239844740297666560,hanoi
548,#vietnam,917574143813459968,1239816514531774465,hanoi
549,#projectsyndicate,917574143813459968,1239816514531774465,hanoi
550,#covid19,917574143813459968,1239816514531774465,hanoi
551,#coronavirus,917574143813459968,1239816514531774465,hanoi
552,#ncov,917574143813459968,1239816514531774465,hanoi
553,#taiwan,917574143813459968,1239816514531774465,hanoi
554,#who,917574143813459968,1239816514531774465,hanoi
555,#covid,36897363,1239803501909127168,hanoi
556,#japanesesenery,1238094844746035202,1239768030449524737,hanoi
557,#tokyo,1238094844746035202,1239768030449524737,hanoi
558,#guíadelviajero,3356622492,1239753512503795712,hanoi
559,#cắmtrại,1227773411880865792,1239743227814531072,hanoi
560,#sócsơn,1227773411880865792,1239743227814531072,hanoi
561,#betbong365,1118335609062318082,1239742339033243648,hanoi
562,#covid19,2344242013,1239741784965726218,hanoi
563,#coronavirus,2344242013,1239741784965726218,hanoi
564,#vietnam,2344242013,1239741784965726218,hanoi
565,#coronavirus,238072457,1239738690852646912,hanoi
566,#southeastasia,238072457,1239738690852646912,hanoi
567,#phuquoc,1063734956923400192,1239730114784448512,hanoi
568,#latvian,1063734956923400192,1239730114784448512,hanoi
569,#tests,1063734956923400192,1239730114784448512,hanoi
570,#covid,1063734956923400192,1239730114784448512,hanoi
571,#travelaware,22898078,1239727337303769089,hanoi
572,#vietnam,22898078,1239727337303769089,hanoi
573,#coronavirus,22898078,1239727337303769089,hanoi
574,#covid_19,22898078,1239727337303769089,hanoi
575,#ศาสตร์เกษตรดินปุ๋ย,877065518066221060,1239719396156768257,hanoi
576,#ศาสตร์เกษตรดินปุ๋ย,877065518066221060,1239719396156768257,hanoi
577,#vietnam,396271636,1239683875044880384,hanoi
